icpsr,district,state,party,NOMINATE_dim1,NOMINATE_dim2,candidate_id,name,ici,ttl_receipts,comm_receipts,ttl_disb,comm_disb,start_cash,end_cash,cand_contrib,cand_loans,ind_contrib,district,state,other_comm_contrib,pty_contrib
20300,1,AL,200,0.367,0.513,H2AL01077,"bonner, josiah robias",I,1140566.63,42871.65,1263168.28,0.0,279810.87,157209.22,0.0,0.0,564463.0,AL,1,523034.4,0.0
20301,3,AL,200,0.363,0.455,H2AL03032,"rogers, michael dennis",I,1069891.19,0.0,982102.34,270000.0,204259.44,292048.29,0.0,0.0,474560.95,AL,3,588500.0,2700.0
21102,7,AL,100,-0.396,0.398,H0AL07086,"sewell, terrycina andrea",I,1205399.57,950.0,863803.98,125000.0,36018.28,377613.87,0.0,0.0,504236.47,AL,7,695969.43,1000.0
21192,2,AL,200,0.362,0.658,H0AL02087,"roby, martha",I,1035717.36,32921.59,862502.48,0.0,13281.47,186496.35,0.0,0.0,480059.23,AL,2,522182.68,0.0
21193,5,AL,200,0.652,-0.417,H0AL05163,"brooks, mo",I,904753.18,14673.52,455514.82,0.0,50420.23,499658.59,0.0,0.0,426014.35,AL,5,459948.35,2500.0
29301,6,AL,200,0.387,0.228,H2AL06035,"bachus, spencer t iii",I,2725003.77,0.0,2904500.84,0.0,439959.36,260462.29,0.0,0.0,1128152.4,AL,6,1485107.9,0.0
29701,4,AL,200,0.386,0.561,H6AL04098,"aderholt, robert brown",I,1247169.37,0.0,1140896.88,0.0,46609.33,152881.82,0.0,0.0,534734.58,AL,4,611000.0,0.0
14066,0,AK,200,0.283,0.022,H6AK00045,"young, donald e",I,1003531.63,0.0,665974.39,0.0,170742.22,508299.46,0.0,0.0,624494.86,AK,0,374040.13,477.2
20304,8,AZ,200,0.749,0.087,H4AZ04024,"franks, trent",I,378998.03,0.0,399105.03,0.0,15657.54,-4450.06,0.0,2000.0,176256.75,AZ,8,195578.94,0.0
20305,3,AZ,100,-0.598,-0.256,H2AZ07070,"grijalva, raul m",I,908543.77,0.0,930949.81,0.0,30271.77,7865.73,0.0,0.0,572022.71,AZ,3,325477.97,5.38
20902,1,AZ,100,-0.169,-0.01,H8AZ01104,"kirkpatrick, ann",C,2363587.45,14384.75,2369726.45,20400.0,13896.86,7757.86,0.0,0.0,1744948.48,AZ,1,562862.32,20350.28
21103,4,AZ,200,0.699,-0.486,H0AZ01259,"gosar, paul anthony",I,1150701.15,15236.88,1126649.26,0.0,739.51,24791.4,0.0,0.0,690418.83,AZ,4,425522.54,1154.34
21105,6,AZ,200,0.571,-0.281,H4AZ06045,"schweikert, david",I,1982869.87,23873.31,1969383.28,0.0,16083.33,29569.92,3500.0,230000.0,939081.81,AZ,6,784814.0,0.0
21199,2,AZ,100,-0.123,0.001,H2AZ08094,"barber, ronald",O,2776638.85,0.0,2690570.19,0.0,0.0,86068.66,0.0,0.0,1790921.28,AZ,2,890116.2,14790.09
21300,9,AZ,100,-0.105,0.076,H2AZ09019,"sinema, kyrsten",C,2167384.11,12565.54,2118460.84,0.0,0.0,48923.27,0.0,0.0,1717911.27,AZ,9,371319.44,6498.83
29101,7,AZ,100,-0.421,0.12,H2AZ02055,"pastor, ed l",I,1025610.58,0.0,1103157.38,0.0,1391936.29,1314389.49,47.74,0.0,417694.63,AZ,7,594666.03,0.0
29500,5,AZ,200,0.673,-0.272,H4AZ01038,"salmon, matt",O,1283756.61,0.0,1196743.99,0.0,0.0,87012.62,0.0,10000.0,897898.84,AZ,5,375235.8,0.0
21106,1,AR,200,0.445,0.409,H0AR01083,"crawford, eric alan rick",I,1339445.93,40927.79,1274636.11,1000.0,91172.0,155981.82,0.0,0.0,718772.91,AR,1,555787.18,23625.0
21107,2,AR,200,0.41,0.421,H0AR02107,"griffin, john timothy",I,1619346.36,17043.6,1659463.02,0.0,81488.12,41371.46,0.0,0.0,1043440.8,AR,2,535268.32,100.0
21108,3,AR,200,0.352,0.582,H0AR03055,"womack, steve",I,932788.07,21889.86,602443.0,0.0,76764.16,407109.23,0.0,0.0,468090.61,AR,3,433300.0,5000.0
21301,4,AR,200,0.599,0.154,H2AR04083,"cotton, thomas",O,2213217.51,0.0,2094866.54,0.0,0.0,118350.97,0.0,0.0,1745771.53,AR,4,466742.57,0.0
14256,11,CA,100,-0.552,-0.398,H6CA07043,"miller, george",I,743547.15,0.0,885945.61,0.0,347850.61,208528.4,0.0,0.0,231511.95,CA,11,502067.0,23.81
14280,33,CA,100,-0.473,-0.343,H6CA24048,"waxman, henry a",I,1894271.24,0.0,2663178.9,0.0,992019.4,220611.74,0.0,0.0,861121.77,CA,33,1000550.0,0.0
15448,12,CA,100,-0.49,-0.202,H8CA05035,"pelosi, nancy",I,2305144.47,399700.0,2006447.66,4800.0,150630.52,449327.33,0.0,0.0,851144.35,CA,12,1048000.0,0.0
15621,48,CA,200,0.626,-0.417,H8CA42061,"rohrabacher, dana",I,493391.61,0.0,582122.28,0.0,279389.35,190658.68,0.0,0.0,430842.0,CA,48,62325.0,0.0
20103,17,CA,100,-0.529,-0.482,H0CA15148,"honda, mike",I,900844.16,0.0,1028810.23,0.0,206188.45,78222.38,0.0,0.0,552340.8,CA,17,340460.54,254.57
20104,28,CA,100,-0.35,-0.134,H0CA27085,"schiff, adam",I,1333321.02,0.0,1082976.5,0.0,1808985.72,2059330.24,0.0,0.0,778453.54,CA,28,529225.0,0.0
20107,49,CA,200,0.49,-0.021,H0CA48024,"issa, darrell ",I,2478710.48,208053.45,1115221.66,0.0,386001.59,1749490.41,0.0,0.0,1298705.7,CA,49,863038.02,0.0
20108,53,CA,100,-0.343,-0.103,H0CA49055,"davis, susan a",I,647371.55,10.0,952525.18,127000.0,477873.72,172720.09,0.0,0.0,301474.49,CA,53,343970.56,117.87
20307,22,CA,200,0.45,0.223,H8CA20059,"nunes, devin gerald",I,1551896.98,0.0,1087798.59,0.0,1013852.72,1477951.11,0.0,0.0,684148.88,CA,22,859052.43,0.0
20310,39,CA,100,-0.508,-0.139,H2CA39078,"sanchez, linda",I,1048195.13,950.0,1104479.95,0.0,172299.58,116014.76,0.0,0.0,346547.83,CA,39,697575.0,118.12
20501,16,CA,100,-0.195,0.457,H4CA20082,"costa, jim",I,1483125.53,1500.0,1299918.69,0.0,27402.4,210609.24,0.0,0.0,766838.45,CA,16,704642.47,0.0
20538,6,CA,100,-0.435,-0.152,H6CA05195,"matsui, doris",I,908449.38,0.0,858322.9,0.0,146783.29,196909.77,0.0,0.0,283969.17,CA,6,623077.38,0.0
20539,45,CA,200,0.748,-0.415,H6CA48039,"campbell, john bt iii",I,1295137.64,10200.0,1431706.01,10000.0,717862.64,581294.27,0.0,0.0,624614.06,CA,45,593823.49,0.0
20702,9,CA,100,-0.263,-0.159,H4CA11081,"mcnerney, jerry",I,2532626.42,6964.1,2744513.95,0.0,243581.78,31694.25,0.0,0.0,1616047.64,CA,9,850224.74,4542.6
20703,23,CA,200,0.456,0.222,H6CA22125,"mccarthy, kevin",I,4659697.08,263000.0,3993705.62,0.0,1158230.14,1824221.6,0.0,0.0,1925545.19,CA,23,2422237.64,0.0
20762,14,CA,100,-0.381,-0.41,H8CA12171,"speier, jackie",I,969474.1,0.0,885671.51,0.0,959278.92,1043081.51,0.0,0.0,539596.03,CA,14,417885.2,55.52
20903,4,CA,200,0.687,-0.399,H8CA04152,"mcclintock, thomas",I,1191742.7,0.0,1125498.34,0.0,307364.34,373608.7,0.0,0.0,1076801.65,CA,4,109724.21,0.0
20955,27,CA,100,-0.488,-0.374,H0CA32101,"chu, judy",I,1523172.1,0.0,858348.1,0.0,591813.83,1256637.83,0.0,55000.0,1109396.89,CA,27,351235.0,0.0
20958,3,CA,100,-0.309,-0.095,H0CA10149,"garamendi, john",I,2085819.12,0.0,2094921.97,250.0,49382.93,40280.08,0.0,20000.0,1240583.05,CA,3,770307.38,4795.64
20963,50,CA,200,0.539,0.085,H8CA52052,"hunter, duncan d.",I,986170.44,0.0,993680.5,38000.0,32296.66,24786.6,0.0,0.0,379981.75,CA,50,600806.0,0.0
21109,10,CA,200,0.306,0.212,H0CA19173,"denham, jeff",I,2756588.82,259279.34,2647697.84,0.0,46581.29,155472.27,0.0,0.0,1284763.56,CA,10,1167433.27,0.0
21110,37,CA,100,-0.584,-0.098,H0CA33117,"bass, karen",I,692988.53,0.0,803966.15,0.0,163362.54,52384.92,0.0,0.0,237094.76,CA,37,442998.27,0.0
21195,44,CA,100,-0.39,-0.376,H8CA36097,"hahn, janice",I,2521898.96,0.0,2483980.0,0.0,0.0,37918.96,0.0,0.0,1620471.64,CA,44,876029.79,337.56
21302,1,CA,200,0.534,0.04,H2CA02142,"lamalfa, doug",C,872995.42,16385.88,775941.69,0.0,0.0,97053.73,0.0,0.0,369683.14,CA,1,333027.98,0.0
21303,2,CA,100,-0.43,-0.558,H2CA06259,"huffman, jared",O,1449511.65,0.0,1262439.87,0.0,0.0,187071.78,405.24,0.0,1003532.07,CA,2,403424.22,0.0
21304,7,CA,100,-0.238,0.013,H0CA03078,"bera, amerish",C,3664781.6,12250.0,3564211.09,0.0,6935.76,107506.27,40754.94,150000.0,2719384.89,CA,7,703190.09,9687.89
21305,8,CA,200,0.372,0.208,H2CA08164,"cook, paul",C,610014.28,0.0,583981.44,0.0,0.0,26032.84,0.0,25000.0,335916.33,CA,8,243738.0,0.0
21306,15,CA,100,-0.362,-0.083,H2CA15094,"swalwell, eric michael",C,826186.24,0.0,799576.22,0.0,0.0,26610.02,0.0,0.0,700345.18,CA,15,124700.0,0.0
21307,21,CA,200,0.267,0.386,H2CA20094,"valadao, david",C,1315897.19,20993.2,1181112.9,0.0,0.0,134784.29,0.0,0.0,713173.28,CA,21,574499.79,0.0
21308,26,CA,100,-0.291,0.049,H2CA00120,"brownley, julia",C,2155827.82,0.0,2106885.83,195.0,0.0,49984.85,0.0,0.0,1568737.04,CA,26,506108.67,0.0
21309,29,CA,100,-0.39,0.005,H2CA28113,"cardenas, tony",C,844097.25,0.0,709796.98,0.0,0.0,134300.27,0.0,0.0,447719.83,CA,29,382350.0,0.0
21310,35,CA,100,-0.437,0.035,H2CA35118,"mcleod, gloria negrete",C,352549.74,0.0,344428.44,0.0,0.0,8118.65,0.0,50000.0,228993.54,CA,35,69514.57,0.0
21311,36,CA,100,-0.249,0.05,H2CA36439,"ruiz, raul dr.",C,1976758.0,0.0,1925464.26,0.0,0.0,51293.74,5000.0,0.0,1484104.97,CA,36,468824.54,14486.46
21312,41,CA,100,-0.464,-0.273,H2CA43245,"takano, mark",O,1461798.23,10825.0,1437163.21,0.0,0.0,24635.02,1350.0,0.0,962419.84,CA,41,468619.93,11926.27
21313,47,CA,100,-0.449,-0.384,H2CA00104,"lowenthal, alan",C,1213336.82,0.0,1175009.14,0.0,0.0,39710.71,20000.0,0.0,690010.99,CA,47,499468.21,0.0
21314,51,CA,100,-0.403,0.06,H2CA50026,"vargas, juan c.",O,1075806.23,0.0,1024618.48,0.0,51.56,51239.31,0.0,60000.0,383787.0,CA,51,629350.0,2000.0
21315,52,CA,100,-0.186,-0.032,H2CA52089,"peters, scott",C,4381438.01,5000.0,4352737.01,0.0,0.0,28701.0,7452.11,2750000.0,1252135.93,CA,52,323819.75,900.0
29106,43,CA,100,-0.656,-0.075,H4CA23011,"waters, maxine",I,729887.77,0.0,717251.4,0.0,26546.84,46683.21,0.0,0.0,363850.81,CA,43,275695.0,250.0
29312,18,CA,100,-0.38,-0.404,H8CA12098,"eshoo, anna",I,1489802.48,0.0,1629523.88,0.0,513279.86,373558.46,0.0,0.0,809053.42,CA,18,676109.66,53.15
29313,20,CA,100,-0.455,-0.219,H4CA17021,"farr, sam",I,735679.32,0.0,727205.98,0.0,65445.14,73918.48,0.0,0.0,327868.0,CA,20,405556.84,0.0
29315,25,CA,200,0.396,0.208,H2CA25036,"mckeon, howard p. 'buck'",I,1980066.12,56906.67,1756319.01,0.0,292878.17,516625.28,0.0,0.0,1091355.19,CA,25,806100.0,0.0
29316,34,CA,100,-0.512,-0.283,H2CA30143,"becerra, xavier",I,1849999.56,0.0,1570150.91,0.0,621930.8,901779.45,0.0,0.0,593715.44,CA,34,1238128.77,64.38
29317,40,CA,100,-0.469,-0.171,H2CA33048,"roybal-allard, lucille",I,581440.27,0.0,563470.74,0.0,16188.65,34158.18,0.0,0.0,252180.28,CA,40,322899.0,0.0
29321,39,CA,200,0.657,-0.353,H6CA39020,"royce, edward r",I,2748940.37,10549.75,4517754.11,2564.24,2334760.15,565771.41,0.0,0.0,1724829.36,CA,39,958824.82,0.0
29323,42,CA,200,0.349,0.232,H2CA37023,"calvert, kenneth s",I,1091572.66,0.0,847022.87,0.0,174794.52,419344.28,0.0,0.0,567470.83,CA,42,504238.68,0.0
29504,19,CA,100,-0.4,-0.428,H4CA16049,"lofgren, zoe",I,858985.44,0.0,626000.61,0.0,342979.42,575964.25,0.0,0.0,427611.83,CA,19,408121.02,400.0
29707,30,CA,100,-0.344,-0.144,H6CA24113,"sherman, brad",I,3401860.25,0.0,6372614.48,0.0,3018532.72,47778.49,0.0,700000.0,1273777.93,CA,30,667707.8,0.0
29709,46,CA,100,-0.367,0.025,H6CA46033,"sanchez, loretta",I,1682794.42,36852.0,1679429.19,0.0,217519.29,220884.52,1100.0,0.0,897820.18,CA,46,723726.89,39.63
29774,24,CA,100,-0.389,-0.227,H8CA22089,"capps, lois",I,3320070.72,1925.0,3286649.92,0.0,321009.75,354430.55,0.0,0.0,2116810.22,CA,24,1132703.11,9165.18
29778,13,CA,100,-0.677,-0.572,H8CA09060,"lee, barbara",I,1167291.69,0.0,1148467.65,0.0,26356.55,45180.59,0.0,0.0,814593.62,CA,13,352230.0,32.66
29901,5,CA,100,-0.393,0.069,H8CA01109,"thompson, mike mr.",I,1811426.04,0.0,1617250.71,0.0,1122855.02,1317030.35,0.0,0.0,717324.63,CA,5,1069060.62,537.88
29903,32,CA,100,-0.448,-0.246,H8CA34068,"napolitano, grace",I,540770.26,0.0,610490.76,0.0,279135.65,209415.15,0.0,0.0,181419.0,CA,32,342974.31,0.0
29905,31,CA,200,0.478,0.222,H8CA41063,"miller, gary g",I,1271804.06,11946.58,1706171.25,0.0,860441.94,426074.75,0.0,0.0,563106.66,CA,31,657561.67,5000.0
20704,5,CO,200,0.666,0.238,H6CO05159,"lamborn, douglas",I,721043.63,0.0,824502.31,0.0,154562.53,51103.85,22500.0,25000.0,227398.46,CO,5,444980.8,500.0
20705,7,CO,100,-0.282,0.072,H6CO07023,"perlmutter, edwin g",I,2970375.65,44125.0,2988390.89,0.0,45222.28,27207.04,0.0,0.0,1480131.89,CO,7,1432023.51,9900.0
20904,2,CO,100,-0.278,-0.692,H8CO02137,"polis, jared",I,1149923.96,25850.0,1506673.17,0.0,382125.76,25376.55,386929.82,0.0,728312.29,CO,2,1000.0,3000.0
20906,6,CO,200,0.492,-0.213,H8CO06138,"coffman, michael",I,3441282.7,460831.2,3844986.68,0.0,411536.76,7832.78,0.0,0.0,1967017.11,CO,6,997856.5,15000.0
21111,3,CO,200,0.451,-0.023,H6CO03139,"tipton, scott r.",I,2342228.83,33870.17,2225170.66,0.0,24116.77,136546.31,0.0,0.0,1575577.26,CO,3,717481.4,15300.0
21112,4,CO,200,0.444,-0.029,H0CO04122,"gardner, cory",I,2320196.2,24596.47,1873982.8,47819.69,18988.63,465202.03,0.0,0.0,1182207.49,CO,4,1096086.81,700.0
29710,1,CO,100,-0.431,-0.305,H6CO01141,"degette, diana l.",I,1051538.17,40511.28,1098046.15,0.0,108829.34,62321.36,0.0,0.0,439553.17,CO,1,565550.0,0.0
20706,2,CT,100,-0.342,0.024,H2CT02112,"courtney, joseph d",I,1520758.75,0.0,1449934.62,0.0,235559.04,306383.17,0.0,0.0,758226.2,CT,2,737544.18,14.87
20907,4,CT,100,-0.239,-0.229,H8CT04172,"himes, jim",I,3035222.27,17110.59,2289994.06,0.0,16862.94,762091.15,0.0,0.0,1923778.71,CT,4,1074355.75,4379.01
21316,5,CT,100,-0.315,-0.078,H2CT05131,"esty, elizabeth",O,3326549.65,0.0,3285559.7,100.0,0.0,40989.95,7694.67,595000.0,2309154.9,CT,5,394461.88,14772.27
29109,3,CT,100,-0.414,-0.115,H0CT03072,"delauro, rosa l",I,1175607.54,0.0,1169821.23,0.0,5184.95,10971.26,0.0,0.0,558022.81,CT,3,614534.07,26.73
29908,1,CT,100,-0.396,-0.048,H8CT01046,"larson, john b",I,2018561.37,0.0,2232557.75,0.0,416846.76,202850.38,0.0,0.0,861570.15,CT,1,1132595.98,15.97
21113,0,DE,100,-0.256,-0.142,H0DE01017,"carney, john charles jr",I,1526892.72,0.0,1016701.58,200000.0,24925.12,521357.12,0.0,0.0,615842.2,DE,0,856374.85,0.0
13047,13,FL,200,0.325,-0.112,H6FL06035,"young, c w bill",I,1040707.05,0.0,1047105.4,0.0,203339.78,196941.43,0.0,0.0,549441.0,FL,13,488653.56,0.0
15634,27,FL,200,0.244,-0.225,H0FL18025,"ros-lehtinen, ileana",I,2146246.12,18125.0,1190873.38,0.0,835222.29,1790595.03,0.0,0.0,1505211.34,FL,27,610850.0,0.0
20110,1,FL,200,0.633,0.155,H2FL01100,"miller, jefferson b.",I,731600.7,43864.85,684274.71,0.0,18622.61,65948.6,0.0,0.0,309223.23,FL,1,377359.34,0.0
20111,4,FL,200,0.333,0.337,H0FL04066,"crenshaw, ander hon.",I,543226.67,0.0,721657.11,0.0,547613.38,369182.94,0.0,0.0,232833.0,FL,4,302466.82,0.0
20316,25,FL,200,0.286,0.129,H2FL25018,"diaz-balart, mario",I,852973.17,0.0,769587.43,0.0,215085.43,298471.17,0.0,0.0,369311.36,FL,25,470250.0,0.0
20504,23,FL,100,-0.418,0.081,H4FL20023,"schultz, debbie wasserman",I,3629324.39,2150.0,3520041.53,0.0,420913.72,530196.58,0.0,0.0,2837623.72,FL,23,770500.0,65.75
20708,14,FL,100,-0.438,0.054,H6FL11126,"castor, kathy",I,1020415.31,0.0,801763.55,0.0,327196.43,545848.19,0.0,0.0,567723.94,FL,14,447482.55,0.0
20709,16,FL,200,0.362,-0.103,H6FL13148,"buchanan, vernon",I,2730570.15,335730.81,3561677.07,150.0,956763.47,125656.55,20701.05,500000.0,1082752.88,FL,16,752375.02,0.0
20758,12,FL,200,0.41,0.009,H6FL09070,"bilirakis, gus michael",I,758988.49,0.0,919050.25,0.0,208030.19,47968.43,0.0,0.0,473376.38,FL,12,281600.0,0.0
20908,9,FL,100,-0.363,-0.457,H6FL08213,"grayson, alan mark",C,5394199.71,0.0,5352174.02,0.0,332.5,42358.19,0.0,1437875.0,3714545.18,FL,9,230366.83,0.0
20909,8,FL,200,0.527,-0.349,H8FL15107,"posey, bill",I,1051651.68,0.0,900121.53,0.0,101815.46,253345.61,0.0,0.0,582342.96,FL,8,467200.0,0.0
20910,17,FL,200,0.458,0.013,H8FL16022,"rooney, tom",I,1096521.82,7878.25,1092225.21,0.0,432473.86,436770.47,0.0,0.0,581495.0,FL,17,504199.51,600.0
20959,21,FL,100,-0.401,-0.078,H0FL19080,"deutch, theodore eliot",I,1264258.45,2434.08,921398.24,100.0,128406.17,471266.38,0.0,0.0,894078.17,FL,21,367022.1,0.0
21114,2,FL,200,0.56,0.063,H0FL02110,"southerland, william steve ii",I,1823957.33,41649.31,1722317.48,0.0,141.94,101781.79,21000.0,0.0,1025286.75,FL,2,648008.82,16900.0
21115,11,FL,200,0.483,0.077,H0FL05139,"nugent, richard b",I,600550.58,28093.53,560894.0,0.0,11655.59,51312.17,0.0,0.0,232166.44,FL,11,339704.41,0.0
21116,10,FL,200,0.527,-0.098,H0FL08208,"webster, daniel",I,1534724.86,14682.48,1498872.06,0.0,64989.56,100842.36,0.0,0.0,998086.49,FL,10,511423.01,10000.0
21117,15,FL,200,0.531,0.099,H0FL12101,"ross, dennis alan",I,883780.3,0.0,724608.21,133000.0,23213.74,182385.83,0.0,0.0,325556.19,FL,15,557224.11,0.0
21118,24,FL,100,-0.48,-0.011,H0FL17068,"wilson, frederica s",I,529492.5,0.0,558520.0,0.0,110736.0,81708.5,0.0,0.0,176395.95,FL,24,347250.0,5000.0
21317,3,FL,200,0.704,-0.365,H2FL06109,"yoho, theodore scott mr.",C,683946.72,0.0,611549.37,0.0,0.0,72397.35,15550.0,50000.0,449641.57,FL,3,167604.9,950.0
21318,6,FL,200,0.663,-0.105,H2FL00292,"desantis, ronald d",C,1155958.58,0.0,1127141.88,10000.0,0.0,28816.7,614.18,10100.0,901044.4,FL,6,236700.0,7500.0
21319,18,FL,100,-0.186,-0.026,H2FL22072,"murphy, patrick",C,4752053.86,208166.88,4480428.11,0.0,0.0,271625.75,66742.99,0.0,3927630.64,FL,18,493184.1,9902.1
21320,19,FL,200,0.702,-0.25,H2FL14194,"radel, henry j. iii",O,1068123.35,0.0,946371.36,0.0,0.0,121751.99,0.0,206000.0,656298.35,FL,19,205825.0,0.0
21321,22,FL,100,-0.402,-0.064,H2FL14053,"frankel, lois j.",C,3533915.3,101783.0,3490565.22,0.0,0.0,43350.08,10654.3,100000.0,2895962.94,FL,22,415796.78,4570.43
21322,26,FL,100,-0.204,0.032,H8FL25015,"garcia, joe",C,1395067.73,0.0,1162567.84,0.0,8246.87,240746.76,4053.13,0.0,1059011.45,FL,26,323803.15,500.0
29328,5,FL,100,-0.429,0.192,H2FL03056,"brown, corrine",I,615071.75,0.0,618190.36,0.0,4236.36,1117.75,0.0,7000.0,264202.55,FL,5,340500.0,0.0
29331,7,FL,200,0.453,0.137,H2FL08055,"mica, john l. mr.",I,2068330.84,0.0,2473672.27,0.0,553082.77,146741.34,0.0,0.0,966528.06,FL,7,1094247.55,0.0
29337,20,FL,100,-0.564,0.157,H2FL23021,"hastings, alcee l l",I,652962.59,0.0,558061.51,0.0,161204.83,256105.91,0.0,0.0,335093.47,FL,20,316819.83,0.0
15431,5,GA,100,-0.589,-0.221,H6GA05217,"lewis, john r.",I,1238406.06,0.0,1300095.24,0.0,268411.57,206722.39,0.0,0.0,457678.03,GA,5,769650.0,37.55
20319,11,GA,200,0.561,0.272,H2GA11149,"gingrey, j. phillip",I,1720190.35,2184.0,1140885.35,0.0,1292628.74,1871933.74,0.0,0.0,839453.0,GA,11,858850.0,0.0
20321,13,GA,100,-0.304,0.165,H2GA13012,"scott, david albert",I,976668.79,0.0,845674.93,0.0,53085.84,184079.7,0.0,1000.0,179155.0,GA,13,793800.42,0.0
20505,6,GA,200,0.644,-0.073,H4GA06087,"price, thomas edmunds",I,2341155.22,71144.43,1779245.68,0.0,1016398.22,1578307.76,0.0,0.0,1057380.26,GA,6,1201354.88,0.0
20506,3,GA,200,0.672,0.189,H4GA08067,"westmoreland, lynn a.",I,1067726.45,16841.77,1055937.98,0.0,412966.63,424755.1,0.0,0.0,440058.55,GA,3,608375.56,0.0
20507,12,GA,100,-0.119,0.46,H4GA12010,"barrow, john j.",I,2876917.75,0.0,2880362.64,0.0,70392.47,66947.58,0.0,0.0,1071380.33,GA,12,1794605.54,10798.98
20712,4,GA,100,-0.47,-0.01,H6GA04129,"johnson, henry c 'hank'",I,448223.02,0.0,433430.85,0.0,2850.08,17642.25,0.0,0.0,58923.87,GA,4,387800.0,0.0
20753,10,GA,200,0.913,-0.408,H8GA10049,"broun, paul collins",I,1351218.47,34248.83,1295800.79,0.0,100148.84,155566.52,0.0,0.0,909075.33,GA,10,397866.52,250.0
20962,14,GA,200,0.716,-0.002,H0GA09030,"graves, john thomas mr. jr.",I,1179676.68,13281.92,1126844.4,0.0,3114.52,55946.8,0.0,0.0,627142.48,GA,14,537355.66,800.0
21122,7,GA,200,0.593,-0.173,H0GA07133,"woodall, rob",I,407300.43,24354.59,426844.12,106000.0,75284.74,55741.05,0.0,0.0,123175.97,GA,7,259550.0,0.0
21123,8,GA,200,0.558,0.238,H0GA08099,"scott, james austin",I,1114640.95,46314.18,817934.63,0.0,10669.68,307376.0,0.0,0.0,545984.34,GA,8,520644.43,0.0
21323,9,GA,200,0.61,0.134,H2GA09150,"collins, douglas allen",C,780886.95,0.0,674338.52,0.0,0.0,106548.43,100.0,15000.0,497982.28,GA,9,265300.0,2500.0
29338,1,GA,200,0.54,0.302,H2GA01157,"kingston, jack rep.",I,1248412.38,0.0,1208213.63,0.0,947879.24,988077.99,0.0,0.0,407765.75,GA,1,815505.17,1000.0
29339,2,GA,100,-0.284,0.455,H2GA02031,"bishop, sanford d jr",I,1290956.0,0.0,1301603.64,0.0,20503.96,9856.32,0.0,40663.63,431551.95,GA,2,818240.42,500.0
21124,1,HI,100,-0.37,0.004,H2HI02110,"hanabusa, colleen wakako",I,1439038.46,148936.41,1448162.67,148936.41,64018.74,54894.53,0.0,0.0,802939.42,HI,1,486437.25,21.96
21324,2,HI,100,-0.274,-0.282,H2HI02508,"gabbard, tulsi",O,1828589.91,0.0,1516206.61,0.0,0.0,312383.3,19635.47,108000.0,1299287.68,HI,2,365777.57,201.15
21125,1,ID,200,0.735,-0.571,H0ID01253,"labrador, raul",I,830195.57,2146.36,619719.06,0.0,39995.56,250472.07,0.0,0.0,486658.51,ID,1,338233.7,823.26
29910,2,ID,200,0.301,0.29,H8ID02064,"simpson, michael k",I,1200025.64,0.0,1192871.28,350000.0,59336.22,66490.58,0.0,0.0,430528.5,ID,2,769497.14,0.0
20508,3,IL,100,-0.227,0.176,H4IL03077,"lipinski, daniel",I,825517.56,0.0,589524.78,0.0,555540.62,791533.4,0.0,0.0,287097.04,IL,3,531314.32,0.0
20715,6,IL,200,0.429,0.018,H6IL06117,"roskam, peter",I,3277931.9,74060.0,3406887.17,0.0,1172194.6,1043239.33,0.0,0.0,1586112.93,IL,6,1606913.38,0.0
20749,11,IL,100,-0.232,-0.214,H8IL14067,"foster, g. william (bill)",C,3540707.49,4000.0,3611720.92,0.0,80011.36,8997.93,0.0,579815.12,2520441.4,IL,11,421844.63,10001.11
20914,18,IL,200,0.311,0.185,H8IL18043,"schock, aaron jon mr.",I,3226793.0,1054623.42,2170938.49,6243.02,1042652.88,2098507.39,0.0,0.0,812509.21,IL,18,1270428.98,2975.0
20954,5,IL,100,-0.323,-0.261,H0IL05096,"quigley, mike",I,728590.98,0.0,703729.55,114000.0,348983.29,373844.72,0.0,0.0,378790.98,IL,5,347150.0,2650.0
21128,16,IL,200,0.234,0.382,H0IL11052,"kinzinger, adam",I,2034418.97,8840.5,1972829.81,0.0,38398.42,99987.58,0.0,0.0,1019221.8,IL,16,993724.61,1900.0
21129,14,IL,200,0.49,-0.034,H0IL14080,"hultgren, randy",I,1362709.72,39511.83,1350126.39,0.0,42785.26,55368.59,0.0,0.0,709618.14,IL,14,611247.75,0.0
21325,8,IL,100,-0.336,0.093,H6IL06141,"duckworth, l. tammy",C,5309495.24,17071.83,5208691.38,0.0,0.0,100803.86,0.0,0.0,4551655.05,IL,8,727990.9,10086.38
21326,10,IL,100,-0.185,-0.15,H2IL10068,"schneider, bradley scott",C,3043849.38,0.0,3029605.21,0.0,0.0,14244.17,50028.0,100000.0,2414583.62,IL,10,470132.03,8577.75
21327,12,IL,100,-0.251,0.159,H2IL12122,"enyart, william l jr",O,1180462.93,0.0,1167686.09,0.0,0.0,12776.84,5500.0,70600.0,688343.12,IL,12,400154.84,15256.25
21328,13,IL,200,0.279,0.17,H2IL13120,"davis, rodney l",O,1400450.64,309.02,1383023.66,0.0,0.0,17426.98,0.0,0.0,729582.07,IL,13,645797.72,22370.0
21329,17,IL,100,-0.239,0.054,H2IL17071,"bustos, cheri",C,2212530.1,0.0,2187282.79,0.0,0.0,25247.31,65.0,0.0,1652072.21,IL,17,542573.31,13399.58
29346,1,IL,100,-0.479,-0.203,H2IL01042,"rush, bobby l",I,498765.15,0.0,476407.1,2000.0,2080.24,24438.29,0.0,0.0,81234.65,IL,1,417530.5,0.0
29348,4,IL,100,-0.487,-0.26,H2IL08039,"gutierrez, luis v",I,344048.41,0.0,383848.64,0.0,393636.13,353835.9,0.0,0.0,88557.31,IL,4,248138.61,0.0
29717,7,IL,100,-0.486,-0.263,H4IL07037,"davis, danny k",I,372212.44,0.0,512310.04,0.0,346701.18,206603.58,0.0,0.0,69545.0,IL,7,295760.64,6000.0
29718,15,IL,200,0.375,0.154,H2IL20042,"shimkus, john m",I,2107579.3,0.0,2384832.07,0.0,1135182.75,860929.98,0.0,0.0,494572.3,IL,15,1591689.88,200.0
29911,9,IL,100,-0.603,-0.272,H8IL09067,"schakowsky, janice d",I,1350902.19,0.0,1338067.35,0.0,260176.38,273011.52,0.0,0.0,984758.14,IL,9,353625.0,1120.0
15124,1,IN,100,-0.402,0.244,H4IN01012,"visclosky, peter j.",I,785240.06,0.0,1064314.53,0.0,495137.55,216063.08,0.0,0.0,207135.0,IN,1,569191.51,5000.0
20757,7,IN,100,-0.428,0.049,H8IN07184,"carson, andre",I,1124041.82,0.0,1027625.01,0.0,216059.25,312476.06,0.0,0.0,619203.05,IN,7,496255.36,7524.51
21100,3,IN,200,0.742,-0.119,H0IN03198,"stutzman, marlin a",I,960106.76,24997.34,806826.38,0.0,522.94,153803.32,2400.0,0.0,519370.43,IN,3,413238.99,0.0
21131,4,IN,200,0.602,-0.16,H0IN04170,"rokita, theodore edward",I,1321277.75,0.0,942938.74,0.0,295410.86,673749.87,0.0,0.0,809020.18,IN,4,491600.0,500.0
21132,8,IN,200,0.408,0.269,H0IN08114,"bucshon, larry d",I,1371506.76,6692.5,1389537.18,865.38,18119.27,88.85,0.0,0.0,736246.59,IN,8,623567.67,5000.0
21133,9,IN,200,0.449,-0.052,H0IN09070,"young, todd christopher",I,1819056.96,8413.07,1823459.34,0.0,14692.86,10290.48,0.0,0.0,1437113.5,IN,9,364944.96,1000.0
21330,2,IN,200,0.436,0.315,H0IN02190,"walorski (swihart), jackie",O,1878410.35,4613.37,1874002.93,0.0,14973.84,19381.26,0.0,0.0,1276643.25,IN,2,587942.41,7915.0
21331,5,IN,200,0.352,0.217,H2IN05082,"brooks, susan mrs.",O,1440815.25,4853.92,1265518.73,0.0,0.0,175121.52,0.0,0.0,1192511.33,IN,5,243200.0,250.0
21332,6,IN,200,0.563,-0.086,H0IN02125,"messer, allen lucas",O,1147524.09,0.0,1115097.24,0.0,11193.11,49712.52,12467.93,50000.0,736133.0,IN,6,315850.0,33022.64
20325,4,IA,200,0.613,0.171,H2IA05072,"king, steve mr.",I,3753859.7,1000.0,3815764.55,0.0,181097.99,119193.14,0.0,0.0,3026692.45,IA,4,687200.0,32656.0
20719,1,IA,100,-0.31,-0.205,H6IA01098,"braley, bruce l",I,2687007.57,35414.47,2664440.22,0.0,28895.5,51462.85,0.0,0.0,1739366.33,IA,1,895759.19,8910.35
20720,2,IA,100,-0.276,-0.027,H6IA02146,"loebsack, david wayne",I,1562539.88,0.0,1544560.57,0.0,3772.23,21836.74,0.0,0.0,632510.24,IA,2,895555.67,100.0
29522,3,IA,200,0.302,0.308,H4IA05102,"latham, thomas",I,3412780.12,22269.22,3886262.09,3958.27,591042.52,117560.55,0.0,0.0,1168716.84,IA,3,2113265.21,5950.0
20915,2,KS,200,0.523,0.004,H8KS02090,"jenkins, lynn",I,1948903.34,0.0,1492090.28,0.0,337426.18,795065.94,84.0,0.0,893863.61,KS,2,1044282.84,0.0
21134,1,KS,200,0.744,-0.466,H6KS01146,"huelskamp, timothy a representa",I,857538.0,25938.25,370529.59,0.0,32121.64,519130.05,0.0,0.0,401338.63,KS,1,428923.04,0.0
21135,3,KS,200,0.558,0.03,H0KS03137,"yoder, kevin",I,1723479.92,27534.92,665713.93,0.0,25372.8,1083138.79,0.0,0.0,1102202.92,KS,3,556057.69,0.0
21136,4,KS,200,0.66,0.164,H0KS04051,"pompeo, michael richard",I,1924284.53,9204.27,787675.06,80250.0,118767.17,1255376.64,0.0,0.0,1155712.78,KS,4,754250.0,0.0
14854,5,KY,200,0.339,0.124,H0KY05015,"rogers, harold dallas",I,1535445.49,0.0,1322648.03,0.0,709124.94,921922.4,0.0,0.0,572363.17,KY,5,955726.94,2000.0
20723,3,KY,100,-0.378,-0.275,H6KY03124,"yarmuth, john a mr",I,1000849.45,0.0,725040.26,0.0,243170.46,518979.65,0.0,0.0,504055.07,KY,3,489968.73,11.07
20916,2,KY,200,0.418,0.296,H8KY02031,"guthrie, s. brett hon.",I,1577907.36,0.0,1027866.31,0.0,275093.32,825634.37,0.0,0.0,433370.78,KY,2,1111286.54,500.0
21333,6,KY,200,0.476,0.34,H0KY06104,"barr, garland andy",C,2221934.6,14196.65,2211676.11,0.0,25496.33,35754.82,0.0,0.0,1756373.52,KY,6,436334.08,6202.0
29525,1,KY,200,0.303,0.182,H4KY01040,"whitfield, wayne edward",I,1917048.79,0.0,1466340.54,2684.19,1049477.38,1500185.63,0.0,0.0,546390.0,KY,1,1353450.0,0.0
31102,4,KY,200,0.678,-0.735,H2KY04121,"massie, thomas h.",I,1089631.49,0.0,966562.38,0.0,0.0,123069.11,0.0,105000.0,672420.25,KY,4,303500.0,3500.0
20514,3,LA,200,0.392,0.308,H4LA07029,"boustany, jr, charles w.",I,4496593.86,0.0,4867555.13,0.0,561329.34,190368.07,0.0,0.0,2281501.2,LA,3,2210277.14,0.0
20759,1,LA,200,0.555,0.169,H0LA01087,"scalise, steve mr.",I,1436751.06,0.0,1198851.91,183134.0,362991.69,600890.84,0.0,0.0,733179.81,LA,1,699101.0,0.0
20918,4,LA,200,0.59,0.022,H8LA04225,"fleming, john c mr. jr.",I,1620069.64,0.0,1319610.19,0.0,180751.98,481211.43,899.2,0.0,1294134.09,LA,4,321363.1,0.0
20919,6,LA,200,0.469,-0.065,H8LA00017,"cassidy, william",I,1797931.07,0.0,653527.92,0.0,889070.3,2033473.45,0.0,0.0,1077390.26,LA,6,713615.77,4000.0
21137,2,LA,100,-0.486,0.332,H8LA02054,"richmond, cedric l.",I,937451.41,0.0,925311.02,0.0,3271.36,15411.75,0.0,0.0,311087.0,LA,2,612335.8,5000.0
90327,5,LA,200,0.331,0.408,H2LA05084,"alexander, rodney m. mr.",I,1400551.28,0.0,1157954.63,0.0,2298.41,244645.06,0.0,25000.0,893293.01,LA,5,481406.51,482.5
20328,2,ME,100,-0.283,-0.071,H2ME02097,"michaud, michael h.",I,1222006.4,0.0,1199774.95,0.0,58406.17,80637.92,0.0,0.0,451215.95,ME,2,767550.0,24.35
20920,1,ME,100,-0.42,-0.369,H8ME01120,"pingree, chellie m",I,1024607.7,0.0,881241.8,0.0,18054.68,161420.58,10939.6,0.0,825296.25,ME,1,186500.0,336.22
14873,5,MD,100,-0.381,0.119,H2MD05155,"hoyer, steny hamilton",I,4155102.7,140851.14,3838032.94,0.0,459962.33,777032.09,0.0,0.0,1303984.01,MD,5,2686921.16,83.17
20329,2,MD,100,-0.296,0.129,H2MD02160,"ruppersberger, c.a. dutch",I,1408187.25,0.0,1096047.97,0.0,578825.21,890964.49,0.0,0.0,660737.07,MD,2,739399.68,0.0
20330,8,MD,100,-0.392,-0.209,H2MD08126,"van hollen, chris",I,1634095.81,131766.1,1545663.56,626300.0,1907739.0,1996171.25,0.0,0.0,727770.71,MD,8,754498.54,16.3
20724,3,MD,100,-0.467,-0.071,H6MD03292,"sarbanes, john p. mr.",I,1010366.77,0.0,640835.69,0.0,359367.03,728898.11,0.0,0.0,1007366.77,MD,3,3000.0,0.0
20763,4,MD,100,-0.562,-0.294,H6MD04183,"edwards, donna",I,788055.51,5000.0,779458.79,88000.0,12337.46,20934.18,0.0,0.0,335752.25,MD,4,446507.4,0.0
21139,1,MD,200,0.673,-0.396,H8MD01094,"harris, andrew p",I,1595563.24,0.0,1465785.54,0.0,40302.12,170079.82,0.0,0.0,1147584.46,MD,1,438352.5,1233.0
21334,6,MD,100,-0.276,0.041,H2MD06195,"delaney, john k",C,4605118.46,109456.24,4601988.07,91500.0,0.0,3130.39,122956.15,2334350.0,1652152.16,MD,6,381289.8,0.0
29587,7,MD,100,-0.438,-0.148,H6MD07160,"cummings, elijah e",I,795483.37,0.0,842134.99,0.0,826704.0,780052.38,0.0,0.0,217186.86,MD,7,567746.25,0.0
14435,5,MA,100,-0.514,-0.462,H6MA07101,"markey, edward john",I,1091666.32,0.0,1110491.92,0.0,3070415.07,3050589.47,0.0,0.0,486531.94,MA,5,434228.25,0.0
15616,1,MA,100,-0.417,-0.108,H8MA02041,"neal, richard e mr.",I,1793586.71,0.0,1902833.93,0.0,2175841.22,2066594.0,0.0,0.0,440653.1,MA,1,1293765.73,0.0
20119,8,MA,100,-0.349,0.037,H2MA09072,"lynch, stephen f",I,729836.44,0.0,642217.09,0.0,672585.55,760206.1,0.0,0.0,250775.75,MA,8,464175.0,0.0
20754,3,MA,100,-0.396,-0.199,H8MA05143,"tsongas, nicola s",I,1606981.65,0.0,1477655.22,0.0,3004.49,132330.92,0.0,0.0,1257965.3,MA,3,329673.32,1314.93
21140,9,MA,100,-0.332,-0.116,H0MA10082,"keating, william richard",I,1061105.28,0.0,816180.03,0.0,3352.85,248278.1,0.0,0.0,520840.88,MA,9,539332.0,643.14
21335,4,MA,100,-0.421,-0.206,H2MA04073,"kennedy, joseph p iii",O,4204049.8,49998.97,3869295.43,0.0,0.0,334754.37,0.0,0.0,3717773.85,MA,4,425321.06,0.0
29729,2,MA,100,-0.538,-0.318,H4MA03022,"mcgovern, jim",I,1068822.44,0.0,740708.53,0.0,26137.11,354251.02,0.0,0.0,615356.08,MA,2,449917.19,1174.41
29730,6,MA,100,-0.488,-0.433,H4MA06033,"tierney, john f",I,2133195.59,0.0,2299260.87,0.0,188235.34,22170.06,0.0,0.0,1311634.12,MA,6,801941.75,12264.12
29919,7,MA,100,-0.58,-0.082,H8MA08071,"capuano, michael e",I,909487.24,0.0,595431.79,48000.0,168427.57,482483.02,0.0,0.0,430558.55,MA,7,471500.0,2150.0
2605,12,MI,100,-0.448,0.313,H6MI16034,"dingell, john d. mr.",I,1444696.44,0.0,1090720.81,0.0,33089.51,387065.14,0.0,0.0,361243.25,MI,12,1046146.29,2500.0
10713,13,MI,100,-0.658,-0.512,H6MI01028,"conyers, john jr.",I,1044468.12,0.0,990584.78,0.0,9439.33,63322.67,0.0,0.0,408107.42,MI,13,631777.23,0.0
15033,9,MI,100,-0.379,-0.091,H2MI17023,"levin, sander m mr",I,1836756.43,0.0,1649665.19,0.0,51046.73,238137.97,0.0,0.0,555220.0,MI,9,1276317.52,0.0
15446,6,MI,200,0.32,-0.355,H6MI04113,"upton, frederick stephen",I,4129538.09,125687.1,4724797.57,0.0,665847.64,70588.16,0.0,0.0,1317657.3,MI,6,2677981.21,500.0
20120,8,MI,200,0.4,0.098,H0MI08042,"rogers, michael j",I,1921587.04,0.0,1726143.81,0.0,1088936.04,1284379.27,0.0,0.0,685697.9,MI,8,1218706.88,300.0
20331,10,MI,200,0.343,-0.001,H6MI12181,"miller, candice s.",I,674170.19,0.0,801503.32,0.0,901301.73,773968.6,0.0,0.0,222113.5,MI,10,448450.0,0.0
20725,7,MI,200,0.508,0.116,H4MI07103,"walberg, timothy l. hon.",I,1533549.73,22525.7,1309734.62,0.0,52287.66,276102.77,0.0,0.0,977247.09,MI,7,523426.36,3699.0
20923,14,MI,100,-0.246,-0.185,H8MI09068,"peters, gary",I,2281359.28,0.0,1887339.89,0.0,92719.6,486738.99,0.0,0.0,1198852.73,MI,14,1048661.43,2944.6
21141,1,MI,200,0.491,-0.15,H0MI01088,"benishek, daniel j. m.d.",I,2224860.19,29589.79,2171929.55,0.0,35686.12,88651.76,100.0,3000.0,1030173.82,MI,1,1110997.16,28014.52
21142,2,MI,200,0.55,0.002,H0MI02094,"huizenga, william p",I,1066724.18,0.0,977482.82,0.0,49394.9,143406.56,0.0,0.0,423592.83,MI,2,639306.91,0.0
21143,3,MI,200,0.654,-0.757,H0MI03126,"amash, justin",I,1361048.44,10699.12,1293710.96,0.0,10506.04,77843.52,22245.56,25000.0,1110707.77,MI,3,184550.0,500.0
21336,11,MI,200,0.723,-0.319,H2MI11133,"bentivolio, kerry",O,589761.87,3238.3,586251.98,0.0,0.0,3509.89,115.0,144083.13,204112.16,MI,11,221277.0,16750.0
21372,5,MI,100,-0.374,-0.173,H6MI07108,"kildee, dale",I,103380.74,0.0,116046.89,0.0,12666.15,0.0,0.0,0.0,27450.0,MI,5,66500.0,5000.0
29124,4,MI,200,0.385,-0.048,H0MI10071,"camp, david lee",I,4476144.59,500.0,3299097.53,0.0,1476043.32,2653090.38,0.0,0.0,1281930.26,MI,4,3172193.93,745.0
14263,8,MN,100,-0.372,-0.372,H2MN08111,"nolan, richard michael",C,1269915.13,0.0,1228764.97,0.0,0.0,41150.16,0.0,0.0,836911.09,MN,8,422979.36,9934.38
20122,4,MN,100,-0.417,-0.187,H0MN04049,"mccollum, betty",I,931989.76,0.0,942684.05,0.0,58708.2,48013.91,0.0,0.0,489691.43,MN,4,441025.0,0.0
20333,2,MN,200,0.49,0.154,H8MN06047,"kline, john paul jr",I,2352676.1,18645.29,1957355.51,0.0,170269.74,565590.33,0.0,0.0,1230774.43,MN,2,1048750.0,150.0
20726,1,MN,100,-0.275,0.131,H6MN01174,"walz, timothy j.",I,1976106.21,513.17,1931330.56,500.0,18461.3,63236.95,0.0,0.0,1137130.64,MN,1,780172.66,7610.28
20727,5,MN,100,-0.537,-0.58,H6MN05183,"ellison, keith maurice",I,2053544.11,1325.99,2160553.78,0.0,163579.43,56569.76,0.0,0.0,1662473.91,MN,5,378450.0,5.71
20728,6,MN,200,0.584,-0.03,H6MN06074,"bachmann, michele",I,25894721.16,2855788.08,25580916.25,3203174.08,1860477.54,2174282.45,0.0,0.0,21834541.72,MN,6,255740.0,5200.0
20924,3,MN,200,0.402,-0.191,H8MN03077,"paulsen, erik",I,3113793.48,0.0,2567483.39,92000.0,149536.29,693846.38,0.0,0.0,1902399.58,MN,3,1200882.57,3255.99
29127,7,MN,100,-0.148,0.712,H2MN07014,"peterson, collin clark",I,1129343.43,0.0,1497202.12,0.0,402275.31,34416.62,0.0,0.0,219837.47,MN,7,896440.54,6213.5
20925,3,MS,200,0.384,0.48,H8MS03067,"harper, gregg",I,934965.57,21808.2,672631.02,18350.0,43331.33,303465.88,0.0,0.0,485601.0,MS,3,425600.0,0.0
21147,1,MS,200,0.488,0.574,H0MS01043,"nunnelee, patrick alan",I,1470455.3,2695.73,1435627.81,73000.0,122263.85,157091.34,0.0,0.0,945275.99,MS,1,522304.0,0.0
21148,4,MS,200,0.535,0.45,H0MS04120,"palazzo, steven mccarty",I,926893.14,21944.89,710074.02,0.0,52977.05,269796.17,0.0,0.0,493303.62,MS,4,409635.67,0.0
29368,2,MS,100,-0.517,0.395,H4MS02068,"thompson, bennie g",I,1208367.8,0.0,1765171.7,0.0,1749351.73,1192547.83,0.0,0.0,320427.89,MS,2,864628.25,0.0
20124,6,MO,200,0.438,0.204,H0MO06073,"graves, samuel b 'sam'",I,1357980.82,0.0,1132802.98,0.0,29962.08,255139.92,0.0,0.0,299754.0,MO,6,1057476.8,0.0
20147,1,MO,100,-0.481,-0.078,H0MO01066,"clay, william lacy jr",I,866834.99,0.0,991857.04,0.0,243378.23,118356.18,0.0,0.0,278733.43,MO,1,587903.81,0.0
20517,5,MO,100,-0.453,0.016,H4MO05234,"cleaver, emanuel ii",I,1154849.08,0.0,1191843.18,0.0,139591.8,102606.91,0.0,0.0,337253.4,MO,5,812340.97,0.0
20926,3,MO,200,0.444,0.266,H8MO09153,"luetkemeyer, w blaine",I,1483424.09,256000.0,1383737.11,256000.0,367742.89,467429.87,10000.0,240000.0,352390.02,MO,3,612734.67,0.0
21149,4,MO,200,0.478,0.229,H0MO04086,"hartzler, vicky ",I,1510603.33,39633.86,1404887.77,0.0,22353.82,128069.38,991.5,0.0,897355.7,MO,4,546383.28,1500.0
21150,7,MO,200,0.544,0.244,H0MO07113,"long, billy",I,924151.95,9623.38,639660.24,0.0,29403.03,314894.74,0.0,0.0,512339.82,MO,7,394626.56,0.0
21337,2,MO,200,0.416,0.189,H2MO02102,"wagner, ann l",O,2705873.47,0.0,2500363.74,0.0,0.0,205509.73,5000.0,0.0,2023402.05,MO,2,677471.42,0.0
29736,8,MO,200,0.269,0.274,H6MO08084,"emerson, joann",I,1517261.37,500.0,1438836.25,250000.0,7635.44,86268.22,0.0,0.0,547585.76,MO,8,957974.66,700.0
21338,0,MT,200,0.585,-0.039,H2MT01060,"daines, steven",O,1830490.65,13000.0,2021595.6,0.0,206512.13,15407.18,66664.75,0.0,1310254.51,MT,0,428708.02,6400.0
20518,1,NE,200,0.304,-0.061,H4NE01064,"fortenberry, jeffrey",I,698413.78,0.0,381321.91,0.0,453854.9,770946.77,0.0,0.0,431328.45,NE,1,261450.0,0.0
20729,3,NE,200,0.515,0.226,H6NE03115,"smith, adrian",I,1163154.28,0.0,705515.2,0.0,170152.39,627791.47,0.0,0.0,412169.99,NE,3,747144.82,1500.0
29921,2,NE,200,0.426,-0.067,H8NE02139,"terry, lee",I,2036016.71,0.0,2033246.3,0.0,18217.24,20987.65,0.0,0.0,780061.09,NE,2,1251325.0,1350.0
20927,1,NV,100,-0.301,-0.201,H8NV03036,"titus, dina",O,1273980.63,0.0,1219620.66,0.0,0.0,54359.97,0.0,0.0,718875.34,NV,1,552479.73,153.63
21151,3,NV,200,0.324,0.014,H0NV03058,"heck, joe",I,2423277.15,21262.58,2346654.27,0.0,154613.44,231236.32,824.72,0.0,1333625.63,NV,3,1059604.22,6217.0
21196,2,NV,200,0.384,0.201,H2NV02395,"amodei, mark eugene",I,1314807.8,955.65,1130881.55,4500.0,0.0,188551.25,0.0,0.0,616167.17,NV,2,664645.94,29000.0
21339,4,NV,100,-0.347,0.124,H2NV04011,"horsford, steven alexzander",O,1718991.26,2650.0,1705209.95,0.0,0.0,13781.31,855.36,0.0,960479.54,NV,4,754367.44,1794.15
20731,1,NH,100,-0.315,-0.131,H6NH01230,"shea-porter, carol",C,1720667.32,0.0,1696702.75,5000.0,979.96,24944.53,0.0,0.0,1191010.19,NH,1,500745.76,5434.38
21340,2,NH,100,-0.26,-0.101,H0NH02181,"kuster, ann mclane",C,3161003.98,13882.94,3173921.36,0.0,19720.88,6803.5,80.0,0.0,2577172.96,NH,2,555155.83,9595.78
14863,4,NJ,200,0.173,-0.163,H8NJ04014,"smith, christopher h.",I,658473.84,0.0,622377.75,0.0,146400.28,182496.37,0.0,0.0,451581.88,NJ,4,203785.91,1300.0
15454,6,NJ,100,-0.405,-0.173,H8NJ03073,"pallone, frank jr",I,1868760.0,0.0,1593292.08,0.0,3129901.9,3406269.82,0.0,0.0,719590.7,NJ,6,1100000.0,322.16
20336,5,NJ,200,0.688,-0.243,H8NJ05052,"garrett, scott rep.",I,2397464.98,45363.93,1110176.9,5000.0,860929.95,2148218.03,0.0,0.0,1324756.15,NJ,5,1009260.81,650.0
20542,8,NJ,100,-0.404,0.098,H6NJ13191,"sires, albio",I,663826.51,0.0,660823.72,0.0,157019.09,160021.88,0.0,0.0,332650.0,NJ,8,330576.51,0.0
20929,7,NJ,200,0.329,-0.237,H6NJ12136,"lance, leonard",I,1321361.7,0.0,1334015.1,0.0,174158.35,161504.95,442.0,0.0,621861.98,NJ,7,698877.72,0.0
21153,3,NJ,200,0.222,0.089,H0NJ03153,"runyan, jon",I,2080014.07,26596.62,1999879.25,0.0,5380.54,85515.36,0.0,0.0,905169.47,NJ,3,1093796.03,0.0
29132,1,NJ,100,-0.297,-0.119,H0NJ01066,"andrews, robert e. mr.",I,1510757.47,0.0,1449946.64,0.0,431008.49,491519.32,87.18,0.0,768135.75,NJ,1,740857.22,0.0
29539,2,NJ,200,0.211,-0.224,H2NJ02037,"lobiondo, frank a.",I,1566499.52,0.0,1336918.44,0.0,431487.11,690690.4,0.0,0.0,657030.81,NJ,2,772315.0,0.0
29541,11,NJ,200,0.292,-0.262,H2NJ05014,"frelinghuysen, rodney p.",I,1101627.89,0.0,1184498.09,0.0,325308.96,242438.76,0.0,0.0,505941.0,NJ,11,586926.49,8025.0
29741,9,NJ,100,-0.368,-0.008,H6NJ08118,"pascrell, william j jr",I,2861094.88,0.0,3506000.12,0.0,1001848.04,356942.8,0.0,80000.0,1558684.95,NJ,9,1189743.78,5157.76
29923,12,NJ,100,-0.463,-0.33,H6NJ12144,"holt, rush d.",I,2084904.26,0.0,1511879.77,0.0,196033.47,769057.96,0.0,0.0,1432667.16,NJ,12,621640.06,1833.04
31103,10,NJ,100,-0.521,-0.102,H2NJ10154,"payne, donald m., jr.",I,611326.68,0.0,582654.02,0.0,0.0,28672.66,0.0,58000.0,248521.68,NJ,10,303155.0,1000.0
20337,2,NM,200,0.472,0.064,H2NM02126,"pearce, steve",I,1687074.84,3765.32,1121521.36,0.0,33373.59,598927.07,0.0,0.0,1218627.71,NM,2,440056.43,38.38
20932,3,NM,100,-0.368,0.015,H8NM03196,"lujan, ben r mr.",I,1102858.06,384.8,845161.97,0.0,56784.18,314480.27,0.0,0.0,518180.01,NM,3,583869.3,13.4
21341,1,NM,100,-0.313,0.047,H8NM01257,"grisham, michelle",O,1818730.01,0.0,1809037.0,0.0,0.0,9693.01,0.0,95000.0,1170633.83,NM,1,513764.49,5350.65
13035,13,NY,100,-0.514,-0.341,H6NY19029,"rangel, charles b",I,1475983.78,0.0,1553263.27,0.0,97011.07,19731.58,0.0,0.0,981997.58,NY,13,459941.6,2696.1
15444,25,NY,100,-0.465,-0.104,H6NY03031,"slaughter, louise m",I,2278708.56,24351.22,2469256.67,0.0,215374.71,24826.6,0.0,0.0,1183862.94,NY,25,1069091.03,0.0
15603,16,NY,100,-0.408,-0.093,H8NY19058,"engel, eliot l",I,1062605.76,0.0,1182936.79,0.0,171617.02,51286.29,0.0,0.0,598685.76,NY,16,463620.0,300.0
15612,17,NY,100,-0.389,-0.152,H8NY20056,"lowey, nita m",I,2165669.24,0.0,2491789.21,0.0,743693.84,417573.87,0.0,0.0,1785986.87,NY,17,339719.0,145.25
20129,3,NY,100,-0.334,-0.051,H0NY02085,"israel, steve j.",I,3190720.72,4700.0,3173748.67,9000.0,319051.55,336023.6,267.93,0.0,2070177.77,NY,3,1095074.0,0.0
20338,1,NY,100,-0.338,-0.05,H2NY01067,"bishop, timothy",I,2731218.03,24924.08,3031035.92,0.0,306787.36,6969.47,0.0,0.0,1604417.77,NY,1,1068236.16,20587.19
20519,26,NY,100,-0.348,-0.034,H4NY27076,"higgins, brian",I,1091162.23,0.0,1031409.79,150000.0,369690.17,429442.61,0.0,0.0,653781.57,NY,26,429648.82,720.0
20733,9,NY,100,-0.61,-0.233,H4NY11138,"clarke, yvette d",I,743730.13,0.0,771479.97,15000.0,57584.92,29835.08,0.0,0.0,346511.5,NY,9,391780.0,5.63
20934,20,NY,100,-0.418,-0.26,H8NY21203,"tonko, paul david",I,974898.84,0.0,820271.02,18125.0,159897.05,314524.87,0.0,0.0,427304.35,NY,20,546081.99,0.0
20935,24,NY,100,-0.19,-0.062,H6NY25125,"maffei, daniel benjamin mr.",C,2032959.47,73216.23,2047007.08,0.0,73899.13,59851.52,0.0,0.0,1279561.89,NY,24,664709.66,8784.06
20957,21,NY,100,-0.182,0.409,H0NY23081,"owens, william",I,1997478.15,28879.34,1998276.12,0.0,16245.08,15447.11,0.0,29000.0,797861.53,NY,21,1091827.49,7038.41
21101,23,NY,200,0.269,0.12,H0NY29054,"reed, thomas w ii",I,2107794.45,97390.65,2026454.26,0.0,34177.78,115517.97,0.0,0.0,850743.0,NY,23,1129654.97,23178.0
21154,13,NY,200,0.219,0.136,H0NY13074,"grimm, michael",I,2263993.57,107922.04,2204597.94,0.0,29192.75,88588.38,0.0,0.0,955276.03,NY,13,1182768.42,7050.0
21156,19,NY,200,0.203,-0.455,H0NY20095,"gibson, christopher p",I,2187704.7,112200.3,2203688.97,0.0,31000.19,15015.92,10000.0,0.0,943807.31,NY,19,1097808.82,21155.0
21157,22,NY,200,0.215,-0.145,H8NY24066,"hanna, richard",I,1096314.9,71750.35,1089031.5,0.0,29741.9,37025.3,0.0,25000.0,418796.11,NY,22,574778.4,0.0
21342,6,NY,100,-0.379,-0.222,H2NY06116,"meng, grace",C,1852611.33,0.0,1788012.14,0.0,0.0,64599.19,0.0,217000.0,1376479.85,NY,6,259050.0,0.0
21343,8,NY,100,-0.489,-0.088,H2NY10092,"jeffries, hakeem",C,1405684.57,0.0,1361036.78,0.0,0.0,44651.29,0.0,0.0,1183368.18,NY,8,221000.0,0.0
21344,18,NY,100,-0.239,0.114,H2NY22139,"maloney, sean patrick",O,2257170.87,25431.88,2246008.2,0.0,0.0,11162.67,1919.78,0.0,1845093.96,NY,18,383274.92,1450.0
21345,27,NY,200,0.357,0.236,H8NY29032,"collins, christopher c",C,1435521.13,43513.65,1420829.91,0.0,0.0,16018.22,0.0,650000.0,431624.0,NY,27,295133.48,15250.0
29134,15,NY,100,-0.491,-0.377,H0NY18065,"serrano, jose e",I,212068.0,0.0,209532.08,0.0,14181.71,16717.63,0.0,0.0,34318.0,NY,15,177750.0,0.0
29375,2,NY,200,0.259,-0.03,H2NY03089,"king, peter t. hon.",I,1812860.05,0.0,1233090.24,0.0,1835787.26,2415557.07,0.0,0.0,1089954.92,NY,2,705963.05,1000.0
29377,10,NY,100,-0.508,-0.496,H2NY17071,"nadler, jerrold l. mr.",I,1125304.2,0.0,1471936.4,9000.0,800928.72,454296.52,0.0,0.0,745235.68,NY,10,368930.0,302.64
29378,7,NY,100,-0.547,-0.345,H2NY00010,"velazquez, nydia m.",I,674523.93,0.0,1285101.72,0.0,826841.46,216263.67,0.0,0.0,168758.92,NY,7,493750.0,0.0
29379,12,NY,100,-0.387,-0.285,H2NY14037,"maloney, carolyn b",I,1746928.76,0.0,1862564.55,0.0,627832.37,512196.58,0.0,0.0,1035711.0,NY,12,709670.11,367.69
29744,4,NY,100,-0.294,-0.04,H6NY04112,"mccarthy, carolyn",I,2277999.7,0.0,1860330.67,0.0,147278.36,564947.39,0.0,0.0,1448386.94,NY,4,823662.53,250.0
29776,5,NY,100,-0.414,-0.071,H8NY06048,"meeks, gregory w.",I,740896.78,0.0,724664.51,0.0,13819.96,30052.23,0.0,0.0,182915.0,NY,5,557789.61,0.0
29925,14,NY,100,-0.412,-0.07,H8NY07046,"crowley, joseph",I,2577592.02,0.0,2722991.15,0.0,934051.27,788652.14,0.0,0.0,901900.83,NY,14,1626418.4,311.41
15092,6,NC,200,0.52,-0.081,H4NC06011,"coble, john howard",I,531611.09,6580.77,639502.76,0.0,181092.02,78560.42,0.0,0.0,154722.88,NC,6,366819.02,2025.0
15438,4,NC,100,-0.343,-0.03,H6NC04037,"price, david",I,1141279.86,0.0,1085726.83,0.0,10094.09,65647.12,302.44,0.0,614686.13,NC,4,523850.0,0.0
20340,1,NC,100,-0.404,0.184,H4NC01046,"butterfield, g. k.",I,901274.34,0.0,836321.78,0.0,173415.74,238368.3,0.0,0.0,259190.14,NC,1,634929.37,5.79
20521,5,NC,200,0.625,0.164,H4NC05146,"foxx, virginia",I,972460.35,0.0,721824.4,0.0,1204438.46,1455074.42,0.0,0.0,651211.11,NC,5,311373.3,300.0
20522,10,NC,200,0.53,0.128,H4NC10047,"mchenry, patrick timothy",I,1230228.35,0.0,1188998.63,0.0,84257.79,125487.51,0.0,0.0,552278.86,NC,10,677487.68,0.0
21159,2,NC,200,0.406,0.338,H0NC02059,"ellmers, renee jacisin",I,1086869.93,32724.23,1190907.49,0.0,231768.09,127730.53,0.0,0.0,455926.85,NC,2,597024.24,50.0
21346,8,NC,200,0.532,0.163,H2NC08185,"hudson, richard l. jr.",C,1618468.91,11845.76,1543063.81,0.0,0.0,75405.1,0.0,100000.0,721969.22,NC,8,773592.41,10000.0
21347,9,NC,200,0.561,0.333,H2NC09134,"pittenger, robert m the honorable",O,3324422.15,8057.73,3321263.74,0.0,0.0,3158.41,1680735.03,644000.0,709832.41,NC,9,226906.35,1000.0
21348,11,NC,200,0.605,-0.201,H2NC11080,"meadows, mark r",O,1113283.51,17619.53,1098849.79,0.0,0.0,14433.72,12198.26,255000.0,554865.72,NC,11,273600.0,0.0
21349,13,NC,200,0.604,0.165,H2NC13110,"holding, george e. b. mr.",O,1692833.09,14564.04,1680724.26,0.0,0.0,12108.83,1264.79,325000.0,1060729.13,NC,13,288752.07,2500.0
29383,12,NC,100,-0.526,-0.155,H2NC12021,"watt, melvin l",I,852387.49,0.0,857241.15,35000.0,107544.41,102690.75,0.0,0.0,96939.4,NC,12,738134.05,200.0
29546,3,NC,200,0.244,-0.362,H2NC01081,"jones, walter b.",I,716405.25,0.0,745971.19,0.0,127699.02,98133.08,0.0,0.0,354440.88,NC,3,357350.0,0.0
29746,7,NC,100,-0.148,0.56,H8NC07044,"mcintyre, mike rep.",I,2304496.01,0.0,2253833.62,10600.0,35155.14,85817.53,0.0,0.0,916911.45,NC,7,1294260.77,9852.32
21350,0,ND,200,0.399,0.392,H0ND01026,"cramer, kevin",O,1325478.8,4809.34,1291733.07,0.0,0.0,33745.73,0.0,0.0,981732.22,ND,0,333050.0,5000.0
15029,9,OH,100,-0.348,0.115,H2OH09031,"kaptur, marcy c hon.",I,1150008.58,0.0,1588127.19,0.0,566814.12,128695.51,0.0,0.0,440458.96,OH,9,706300.0,350.0
20130,12,OH,200,0.386,-0.026,H0OH12062,"tiberi, patrick j.",I,3375829.85,0.0,2505566.95,0.0,698272.2,1569010.2,0.0,0.0,1334658.72,OH,12,2022849.4,0.0
20342,10,OH,200,0.274,0.222,H2OH03067,"turner, michael r",I,1232450.03,0.0,1099374.82,0.0,139545.76,272370.97,0.0,0.0,790074.22,OH,10,441115.0,0.0
20343,13,OH,100,-0.402,0.208,H2OH17109,"ryan, timothy",I,991384.96,1925.0,983820.48,0.0,117886.63,125451.11,0.0,0.0,381154.81,OH,13,605669.15,2636.0
20738,4,OH,200,0.717,-0.2,H6OH04082,"jordan, james d.",I,1078119.01,7567.74,839919.17,0.0,843690.62,1081890.46,0.0,0.0,568820.29,OH,4,496874.65,1625.0
20755,5,OH,200,0.511,0.282,H8OH05036,"latta, robert edward mr",I,1111742.01,0.0,1284548.04,15135.0,209953.61,53387.58,0.0,0.0,548619.01,OH,5,562267.73,250.0
20941,11,OH,100,-0.581,0.14,H8OH11141,"fudge, marcia l",I,689197.47,0.0,711755.19,0.0,222660.59,200102.87,0.0,0.0,160154.14,OH,11,504377.62,2000.0
21162,6,OH,200,0.425,0.273,H0OH06189,"johnson, bill",I,2042739.19,52729.46,2052250.45,173.08,32005.29,22494.03,812.59,15000.0,994737.64,OH,6,974233.51,5000.0
21163,15,OH,200,0.3,0.269,H8OH15076,"stivers, steve mr.",I,2748358.32,26592.73,2541560.71,0.0,10065.21,216862.82,0.0,0.0,1268592.15,OH,15,1450228.3,1000.0
21164,16,OH,200,0.387,0.143,H0OH16097,"renacci, james b",I,3371437.93,48162.39,3381616.9,850.0,49996.52,39817.55,2500.0,96393.9,1613450.61,OH,16,1548882.41,55923.0
21165,7,OH,200,0.484,0.284,H0OH18077,"gibbs, bob",I,1550088.19,44045.17,1347805.92,0.0,32370.41,234651.89,0.0,0.0,677884.4,OH,7,815385.94,0.0
21351,2,OH,200,0.527,0.255,H2OH02085,"wenstrup, brad",C,1015732.8,0.0,910490.03,0.0,0.0,105242.77,0.0,70000.0,668105.04,OH,2,273449.86,0.0
21352,3,OH,100,-0.438,0.04,H2OH03125,"beatty, joyce",C,812093.22,0.0,729746.88,0.0,0.0,82346.34,0.0,0.0,376968.22,OH,3,407625.0,0.0
21353,14,OH,200,0.261,0.275,H2OH14064,"joyce, david p",C,952654.99,0.0,672203.96,0.0,0.0,280451.03,0.0,25000.0,626004.99,OH,14,292050.0,7100.0
29137,8,OH,200,0.513,0.04,H0OH08029,"boehner, john a",I,22024288.2,10148943.55,21197801.38,0.0,126341.62,952828.44,0.0,0.0,9401895.52,OH,8,2430850.0,100.0
29550,1,OH,200,0.542,-0.137,H8OH01043,"chabot, steve",I,1068815.87,3729.2,737763.86,0.0,7527.92,338579.93,0.0,0.0,627749.0,OH,1,437337.67,0.0
20344,4,OK,200,0.329,0.377,H2OK04055,"cole, tom jeffery",I,1016545.82,0.0,773950.43,0.0,550034.78,792630.17,0.0,0.0,576035.23,OK,4,428452.17,0.0
21166,5,OK,200,0.608,0.172,H0OK05114,"lankford, james paul",I,1155958.56,0.0,815426.72,0.0,89297.06,429828.9,120.0,0.0,789694.08,OK,5,363674.87,0.0
21354,1,OK,200,0.689,-0.157,H2OK01143,"bridenstine, james frederick",C,781983.29,0.0,767458.97,0.0,0.0,14790.47,200.0,0.0,569313.94,OK,1,210646.75,0.0
21355,2,OK,200,0.545,0.246,H2OK02083,"mullin, markwayne",O,1732310.94,1680.98,1709208.45,0.0,0.0,23102.49,36925.74,255750.0,1113496.0,OK,2,308290.46,14750.0
29393,3,OK,200,0.366,0.419,H4OK06056,"lucas, frank d.",I,1624077.68,30413.83,1665973.74,2000.0,200581.26,158668.7,0.0,0.0,484617.35,OK,3,1104033.08,0.0
15410,4,OR,100,-0.427,-0.002,H6OR04047,"defazio, peter a",I,1333331.11,0.0,1401801.78,0.0,194510.64,126039.97,0.0,0.0,702913.59,OR,4,611805.0,30.0
20944,5,OR,100,-0.182,0.054,H8OR05107,"schrader, kurt",I,1781164.17,29029.92,1197026.63,125000.0,8216.52,592354.06,0.0,0.0,688481.15,OR,5,1051443.43,5933.24
21198,1,OR,100,-0.394,-0.413,H2OR01133,"bonamici, suzanne",I,2493720.39,37428.82,2286046.2,5464.41,0.0,207674.19,1663.55,200000.0,1480150.53,OR,1,751600.13,6031.03
29588,3,OR,100,-0.427,-0.647,H6OR03064,"blumenauer, earl",I,1185141.92,57050.0,981705.69,0.0,429209.01,632645.24,0.0,0.0,352003.01,OR,3,774956.68,6.65
29932,2,OR,200,0.333,-0.011,H6OR02116,"walden, gregory p mr.",I,2736873.41,0.0,2395607.96,0.0,621333.43,962598.88,0.0,0.0,1070762.74,OR,2,1651213.11,0.0
20134,9,PA,200,0.374,0.323,H2PA09035,"shuster, william mr.",I,1674736.45,10542.56,1483252.4,0.0,93374.79,284858.84,0.0,0.0,741888.63,PA,9,919344.78,0.0
20345,6,PA,200,0.221,-0.107,H2PA06114,"gerlach, jim",I,2234892.13,0.0,2108953.16,0.0,128070.33,254009.3,0.0,0.0,860015.58,PA,6,1355372.17,1300.0
20346,18,PA,200,0.258,0.198,H2PA18143,"murphy, tim",I,2386295.47,0.0,2649101.97,0.0,384089.58,121283.08,0.0,0.0,1117254.16,PA,18,1243752.62,300.0
20524,8,PA,200,0.202,-0.186,H4PA08074,"fitzpatrick, michael g.",I,2672026.97,18640.1,2586003.8,0.0,28060.03,114083.2,0.0,0.0,1552067.82,PA,8,1087851.92,11440.02
20525,13,PA,100,-0.343,-0.008,H4PA13124,"schwartz, allyson y.",I,2904421.74,0.0,1200090.63,0.0,1419581.18,3123912.29,0.0,0.0,1667776.83,PA,13,1190623.85,684.79
20526,15,PA,200,0.244,-0.085,H4PA15087,"dent, charles w rep",I,1706451.47,435.79,1511724.42,0.0,40279.36,235006.41,0.0,0.0,882444.44,PA,15,817613.59,0.0
20946,5,PA,200,0.323,0.384,H8PA05071,"thompson, glenn",I,1263884.89,0.0,1262547.04,91994.76,99238.56,100576.41,0.0,0.0,804882.85,PA,5,458331.23,0.0
21167,3,PA,200,0.372,0.4,H0PA03271,"kelly, george j jr j. jr.",I,1146861.9,11217.55,1139317.64,203136.0,28469.69,36263.95,0.0,0.0,599358.12,PA,3,530915.35,0.0
21168,7,PA,200,0.22,0.076,H0PA07082,"meehan, patrick l. mr. jr.",I,2614863.09,25069.4,1652798.44,50000.0,44941.68,1007477.33,153.66,0.0,1338595.67,PA,7,1241184.23,7460.0
21170,10,PA,200,0.352,0.477,H0PA10078,"marino, thomas anthony",I,827493.0,5073.47,820221.99,200000.0,9184.36,16455.37,0.0,0.0,423440.1,PA,10,397645.05,0.0
21171,11,PA,200,0.278,0.393,H2PA11098,"barletta, lou",I,1334027.37,21162.92,1335284.52,0.0,9154.17,7897.02,0.0,0.0,705314.43,PA,11,606969.92,0.0
21356,4,PA,200,0.674,-0.451,H2PA04135,"perry, scott",C,529958.01,0.0,529610.17,85000.0,0.0,347.84,0.0,25000.0,250580.46,PA,4,251081.57,3000.0
21357,12,PA,200,0.498,0.044,H0PA04220,"rothfus, keith mr.",C,2002960.36,4711.35,2015329.53,0.0,28397.22,16028.05,0.0,15874.94,1500084.24,PA,12,478925.0,426.0
21358,17,PA,100,-0.356,-0.015,H2PA17079,"cartwright, matthew a",C,1371675.92,0.0,1325713.21,0.0,0.0,45962.71,0.0,390000.0,763633.42,PA,17,209539.38,2100.0
29559,2,PA,100,-0.472,-0.054,H2PA02055,"fattah, chaka mr.",I,554638.34,0.0,525952.05,150000.0,1182.48,29868.77,0.0,0.0,213499.25,PA,2,340100.0,16.59
29561,14,PA,100,-0.331,0.099,H4PA18131,"doyle, mike",I,870614.07,0.0,757648.99,0.0,100616.64,213581.72,25.0,0.0,239913.01,PA,14,619739.26,0.0
29752,16,PA,200,0.538,0.012,H6PA16197,"pitts, joseph r.",I,1312423.57,0.0,1208910.52,386400.0,85807.31,183946.14,0.0,0.0,292622.65,PA,16,1016335.25,250.0
29777,1,PA,100,-0.484,0.225,H8PA01153,"brady, robert a",I,746273.09,0.0,870046.05,0.0,701830.72,578057.76,0.0,0.0,393610.0,PA,1,339490.0,0.0
20136,2,RI,100,-0.375,0.114,H0RI02139,"langevin, james r",I,1103438.77,0.0,1131247.74,60000.0,177927.09,150118.12,0.0,0.0,558596.62,RI,2,526903.7,97.72
21172,1,RI,100,-0.389,-0.262,H0RI01073,"cicilline, david n",I,2405552.72,10875.99,2426394.01,16250.0,37562.21,16720.92,0.0,0.0,1718493.57,RI,1,645731.39,14604.94
20138,2,SC,200,0.529,0.151,H2SC02059,"wilson, addison (joe) graves",I,1030164.96,0.0,1030535.94,0.0,5550.35,5179.37,0.0,0.0,556398.11,SC,2,416260.16,0.0
21174,3,SC,200,0.7,-0.097,H0SC03077,"duncan, jeff",I,698727.84,18243.42,598246.51,0.0,31560.23,132041.56,0.0,0.0,245371.06,SC,3,433950.12,0.0
21175,4,SC,200,0.655,-0.002,H0SC04257,"gowdy, trey",I,728767.38,8747.08,533277.97,0.0,75467.27,270956.68,0.0,0.0,270266.0,SC,4,437253.57,0.0
21176,5,SC,200,0.75,-0.592,H0SC05031,"mulvaney, john michael 'mick'",I,798055.27,13683.57,763829.67,0.0,137456.45,171682.05,0.0,0.0,371672.55,SC,5,411823.45,0.0
21359,7,SC,200,0.558,-0.217,H2SC07066,"rice, tom",C,1473766.58,15152.33,1367012.5,15152.33,0.0,106754.08,0.0,100000.0,1069660.21,SC,7,286350.0,0.0
39301,6,SC,100,-0.465,0.25,H2SC02042,"clyburn, james e",I,2405515.27,0.0,2231592.6,0.0,772116.87,946039.54,0.0,0.0,502242.1,SC,6,1884201.9,0.0
21177,0,SD,200,0.398,0.326,H0SD00054,"noem, kristi lynn",I,2811273.74,15712.68,2688179.83,0.0,10701.03,133794.94,0.0,0.0,1773493.28,SD,0,973985.0,4850.0
15019,5,TN,100,-0.164,-0.033,H2TN05131,"cooper, james h.s.",I,1213184.51,0.0,664008.33,0.0,144152.14,693328.32,0.0,0.0,838251.82,TN,5,358654.15,0.0
15455,2,TN,200,0.604,-0.476,H8TN02069,"duncan, john j rep. jr.",I,650921.79,0.0,548500.62,31650.0,1467162.79,1569583.96,0.0,0.0,149543.65,TN,2,471748.88,0.0
20351,7,TN,200,0.628,0.147,H2TN06030,"blackburn, marsha mrs.",I,1779731.37,0.0,1408632.56,0.0,849056.8,1220155.61,0.0,0.0,646216.31,TN,7,1130803.17,0.0
20748,9,TN,100,-0.398,-0.34,H6TN09068,"cohen, stephen ira",I,831885.68,0.0,820326.73,0.0,788848.25,800407.2,0.0,0.0,343011.98,TN,9,482821.84,30.02
20947,1,TN,200,0.486,0.024,H6TN01388,"roe, david phillip dr.",I,706755.61,0.0,575316.38,0.0,258201.99,389641.22,0.0,0.0,705731.85,TN,1,0.0,0.0
21178,3,TN,200,0.465,0.277,H0TN03254,"fleischmann, charles j",I,1412229.34,691.78,1421672.21,0.0,30657.51,21214.64,0.0,0.0,850511.76,TN,3,556455.3,1500.0
21179,4,TN,200,0.579,-0.059,H0TN04195,"desjarlais, scott eugene",I,1260459.29,26132.58,1266553.7,0.0,15431.14,9336.73,0.0,0.0,753148.38,TN,4,476178.33,5000.0
21180,6,TN,200,0.58,0.219,H0TN06257,"black, diane l mrs.",I,3511129.66,19897.0,3227137.88,0.0,35553.55,319545.33,1378422.7,0.0,913289.76,TN,6,1178330.74,4500.0
21181,8,TN,200,0.526,0.181,H0TN08246,"fincher, steve",I,2251745.71,17136.56,911702.99,0.0,109524.49,1449567.21,0.0,0.0,1334401.36,TN,8,886585.52,250.0
15085,6,TX,200,0.528,0.047,H4TX06117,"barton, joe linus",I,1535592.48,0.0,2152615.75,0.0,1522950.18,905926.91,0.0,0.0,515607.32,TX,6,754042.44,0.0
15445,21,TX,200,0.425,0.061,H6TX21012,"smith, lamar",I,1727471.98,0.0,1705680.88,0.0,854767.58,876558.68,0.0,0.0,802183.28,TX,21,916560.83,0.0
20139,7,TX,200,0.503,0.366,H0TX07055,"culberson, john",I,842045.37,0.0,846830.82,169000.0,37181.56,32396.11,0.0,0.0,455961.63,TX,7,379398.42,0.0
20352,5,TX,200,0.703,0.04,H2TX05121,"hensarling, jeb hon.",I,3017392.46,2453.5,2583174.15,0.0,1449570.12,1883788.43,0.0,0.0,1530648.02,TX,5,1473797.0,0.0
20353,19,TX,200,0.628,0.322,H4TX19102,"neugebauer, randy honorable",I,1561331.33,0.0,1319609.09,0.0,649612.76,891335.0,0.0,0.0,689107.82,TX,19,858979.64,0.0
20355,26,TX,200,0.575,-0.206,H2TX26093,"burgess, michael c. dr.",I,1054607.15,0.0,990101.27,0.0,30928.98,95434.86,0.0,0.0,182240.49,TX,26,865250.0,0.0
20356,31,TX,200,0.486,0.563,H2TX31044,"carter, john r. rep.",I,885683.63,0.0,757982.69,0.0,336958.26,464659.2,0.0,0.0,446625.28,TX,31,433432.85,0.0
20527,1,TX,200,0.644,-0.406,H4TX04039,"gohmert, louie",I,742346.57,0.0,759161.55,0.0,113551.25,96736.27,0.0,0.0,614529.5,TX,1,118808.92,3100.0
20528,2,TX,200,0.594,-0.029,H4TX02108,"poe, ted",I,966270.91,0.0,480982.47,0.0,947310.16,1432598.6,0.0,0.0,597949.35,TX,2,368700.0,0.0
20529,9,TX,100,-0.44,0.291,H4TX09095,"green, alexander",I,351713.48,0.0,451380.78,55500.0,189602.82,89935.52,0.0,0.0,177372.87,TX,9,159965.0,1000.0
20530,10,TX,200,0.421,0.125,H4TX10093,"mccaul, michael",I,1324340.28,0.0,1325667.29,0.0,29752.11,28425.1,0.0,200000.0,617069.92,TX,10,499704.35,0.0
20531,11,TX,200,0.593,0.367,H4TX19136,"conaway, michael honorable",I,1350629.71,24000.0,1206227.65,0.0,461658.92,606060.98,0.0,0.0,631798.41,TX,11,687889.5,0.0
20532,24,TX,200,0.6,0.154,H4TX24094,"marchant, kenny e mr.",I,829632.42,0.0,742252.43,0.0,417995.28,505375.27,0.0,0.0,245155.2,TX,24,535765.08,0.0
20533,28,TX,100,-0.228,0.623,H2TX23082,"cuellar, henry r.",I,1672433.49,0.0,1279635.52,0.0,352571.67,745369.64,17250.0,0.0,847940.32,TX,28,792498.42,330.17
20948,22,TX,200,0.548,0.308,H8TX22107,"olson, peter g",I,1439596.52,0.0,1314947.02,0.0,22412.23,147061.73,0.0,0.0,701914.49,TX,22,733841.86,0.0
21182,17,TX,200,0.572,0.293,H0TX17104,"flores, bill",I,1603548.91,11790.92,1441344.75,0.0,43918.03,206122.19,2020.0,300000.0,751360.26,TX,17,526072.09,0.0
21184,27,TX,200,0.548,0.016,H0TX27061,"farenthold, randolph blake",I,1153511.4,32048.27,1197900.08,0.0,45861.4,1472.72,406.0,0.0,657617.26,TX,27,462269.13,0.0
21360,14,TX,200,0.73,0.025,H2TX14149,"weber, randy",O,1359236.07,6010.82,1371325.98,0.0,0.0,-12089.91,2500.0,251500.0,693537.57,TX,14,400537.68,5000.0
21361,16,TX,100,-0.304,-0.331,H2TX16185,"o'rourke, robert ''beto''",C,685661.09,0.0,618525.63,0.0,0.0,66920.12,2621.85,0.0,588930.32,TX,16,88908.92,5200.0
21362,20,TX,100,-0.401,-0.05,H2TX35011,"castro, joaquin mr.",O,1499022.55,0.0,1351968.05,0.0,0.0,147054.23,0.0,40000.0,939451.29,TX,20,519358.92,0.0
21363,23,TX,100,-0.216,0.378,H2TX23124,"gallego, pete",C,1802829.59,0.0,1767937.79,0.0,0.0,34891.8,0.0,0.0,1331185.45,TX,23,449400.88,6743.26
21364,25,TX,200,0.588,0.12,H2TX33040,"williams, roger",C,3297682.95,1101789.05,3230074.05,0.0,0.0,67608.9,0.0,525000.0,1356574.85,TX,25,278120.63,0.0
21365,33,TX,100,-0.402,0.336,H2TX33073,"veasey, marc allison",O,1219901.76,0.0,1198195.07,0.0,0.0,21706.69,0.0,0.0,707949.2,TX,33,503177.59,5200.0
21366,34,TX,100,-0.311,0.407,H2TX27190,"vela, filemon mr.",C,894184.38,0.0,789597.93,0.0,0.0,104586.45,29113.54,290000.0,419185.84,TX,34,155850.0,0.0
29143,3,TX,200,0.61,0.277,H2TX03118,"johnson, samuel robert",I,1136768.09,0.0,972691.45,0.0,632910.31,796986.96,0.0,0.0,458336.52,TX,3,678110.0,0.0
29570,36,TX,200,0.899,-0.438,H6TX22143,"stockman, steve",C,372392.0,0.0,368711.87,0.0,0.0,3679.65,0.0,97107.0,128629.68,TX,36,144000.0,0.0
29571,35,TX,100,-0.402,-0.316,H4TX10028,"doggett, lloyd",I,1744502.64,0.0,1977379.71,0.0,2843336.62,2610459.55,0.0,0.0,1217608.39,TX,35,413289.55,5175.28
29572,13,TX,200,0.525,0.313,H4TX13014,"thornberry, mac",I,1092128.93,0.0,870521.11,267500.0,239992.49,461600.31,0.0,0.0,634117.37,TX,13,449802.06,0.0
29573,18,TX,100,-0.46,0.125,H4TX18054,"lee, sheila jackson",I,600450.89,0.0,554810.24,0.0,114653.69,160294.34,0.0,0.0,313800.89,TX,18,286450.0,0.0
29759,32,TX,200,0.591,0.136,H2TX03126,"sessions, pete",I,1836551.52,27756.97,1716842.95,0.0,998994.1,1118702.67,0.0,0.0,693594.5,TX,32,1087926.92,0.0
29760,8,TX,200,0.52,0.239,H6TX08100,"brady, kevin",I,1385893.57,20329.77,1268522.45,0.0,199886.41,317257.53,0.0,0.0,258316.49,TX,8,1104932.18,0.0
29762,12,TX,200,0.403,0.234,H6TX12060,"granger, kay",I,1375456.6,0.0,1369512.32,0.0,113198.64,119142.92,0.0,0.0,791197.89,TX,12,580214.07,0.0
29763,15,TX,100,-0.34,0.235,H6TX15055,"hinojosa, ruben e.",I,592032.53,0.0,849921.29,0.0,434573.23,176684.47,0.0,0.0,275264.92,TX,15,312800.0,0.0
39304,29,TX,100,-0.324,0.453,H2TX29030,"green, raymond e. 'gene'",I,1012294.96,0.0,721458.54,0.0,578919.58,869756.0,0.0,0.0,184250.0,TX,29,823950.0,2600.0
39305,30,TX,100,-0.485,0.198,H2TX00015,"johnson, eddie bernice",I,779237.22,0.0,882303.45,0.0,170886.69,67820.46,1000.0,0.0,259730.0,TX,30,518495.72,11.5
94828,4,TX,200,0.424,0.308,H0TX04037,"hall, ralph moody",I,589851.01,0.0,624336.88,0.0,83452.93,48967.06,0.0,35000.0,234764.59,TX,4,319758.42,0.0
20140,4,UT,100,-0.115,0.546,H0UT02096,"matheson, james d",I,2360398.97,0.0,2384427.1,0.0,40869.72,16841.59,0.0,0.0,472082.26,UT,4,1877090.9,9748.62
20357,1,UT,200,0.537,0.105,H2UT01094,"bishop, robert",I,353367.37,0.0,403467.05,0.0,64209.97,14110.29,0.0,0.0,111205.1,UT,1,241600.0,500.0
20949,3,UT,200,0.647,-0.278,H8UT03089,"chaffetz, jason",I,807594.7,27086.35,830114.5,0.0,140313.09,117793.29,0.0,0.0,351650.81,UT,3,424938.14,0.0
21367,2,UT,200,0.499,0.167,H2UT02324,"stewart, chris",C,538092.58,0.0,499660.12,0.0,0.0,38432.46,19010.0,65000.0,213100.51,UT,2,235100.0,5500.0
20750,0,VT,100,-0.409,-0.362,H6VT00160,"welch, peter",I,950025.79,0.0,669593.39,215850.0,958668.79,1239101.19,0.0,0.0,398117.27,VT,0,542553.97,68.81
14869,10,VA,200,0.284,-0.213,H6VA10050,"wolf, frank r",I,1091197.21,0.0,1020032.15,0.0,115923.98,187089.04,0.0,0.0,696519.94,VA,10,373596.37,0.0
20143,4,VA,200,0.407,0.218,H2VA04052,"forbes, j randy",I,1077552.25,0.0,1240932.22,0.0,353242.52,189862.55,0.0,0.0,690639.04,VA,4,382294.42,500.0
20144,7,VA,200,0.518,0.191,H0VA07042,"cantor, eric ivan",I,7640467.43,1098565.05,7485667.43,7750.0,925447.45,1080247.45,0.0,0.0,3677002.55,VA,7,2843634.33,0.0
20756,1,VA,200,0.444,0.014,H8VA01147,"wittman, rob",I,950387.37,0.0,764995.04,0.0,366417.77,551810.1,0.0,0.0,459807.37,VA,1,487100.0,0.0
20952,11,VA,100,-0.306,-0.032,H8VA11062,"connolly, gerry",I,2241573.23,7500.0,1396232.09,0.0,22604.74,867945.88,0.0,0.0,1168865.29,VA,11,1026705.39,19482.53
21185,2,VA,200,0.405,-0.084,H0VA02084,"rigell, edward scott mr.",I,2451268.28,48545.57,2604370.2,0.0,157294.12,4192.2,184379.88,225000.0,1326313.6,VA,2,639930.13,5350.0
21186,5,VA,200,0.568,0.0,H0VA05095,"hurt, robert",I,2051306.26,43600.4,1980843.02,0.0,58432.79,128896.03,0.0,0.0,1093163.58,VA,5,907309.54,1000.0
21191,9,VA,200,0.532,-0.392,H0VA09055,"griffith, h morgan",I,1399362.81,20130.73,1320305.58,0.0,45750.58,124807.81,0.0,0.0,722187.22,VA,9,652006.93,0.0
29149,8,VA,100,-0.302,-0.203,H0VA08040,"moran, james p jr",I,1102046.82,0.0,1170284.75,0.0,424891.42,356653.49,0.0,0.0,617099.67,VA,8,459006.73,5000.0
39307,3,VA,100,-0.45,0.014,H6VA01117,"scott, robert c",I,451466.32,0.0,436493.13,0.0,47970.64,62943.83,0.0,0.0,181437.54,VA,3,264816.64,500.0
39308,6,VA,200,0.496,-0.002,H2VA06115,"goodlatte, robert w",I,1606587.55,0.0,1888067.43,370000.0,795214.88,513735.0,0.0,0.0,623366.17,VA,6,968198.34,760.0
15613,7,WA,100,-0.666,-0.197,H8WA07132,"mcdermott, james",I,611669.76,0.0,601201.89,0.0,18131.06,28598.93,0.0,0.0,308448.13,WA,7,302871.63,350.0
20145,2,WA,100,-0.365,0.18,H0WA02080,"larsen, rick",I,1356321.57,0.0,1225992.83,0.0,213693.39,344022.13,0.0,0.0,409732.84,WA,2,915213.94,4668.5
20535,5,WA,200,0.422,0.141,H4WA05077,"rodgers, cathy mcmorris",I,1968862.0,0.0,1987459.0,703.0,413113.0,394516.0,0.0,0.0,1023647.0,WA,5,926572.0,0.0
20536,8,WA,200,0.224,-0.146,H4WA08071,"reichert, dave",I,1654833.25,0.0,1597769.57,0.0,30161.77,87225.45,0.0,0.0,851510.55,WA,8,795680.0,1000.0
21187,3,WA,200,0.336,-0.129,H0WA03187,"herrera beutler, jaime",I,1658722.02,0.0,1623136.4,0.0,22553.26,55938.88,0.0,0.0,1128866.98,WA,3,527131.1,0.0
21368,6,WA,100,-0.309,-0.015,H2WA06129,"kilmer, derek",O,1873136.18,0.0,1706202.03,0.0,0.0,166934.15,0.0,0.0,1116253.86,WA,6,731792.1,7090.22
21369,10,WA,100,-0.312,-0.128,H0WA03161,"heck, dennis",C,2054753.65,20086.05,2019841.66,0.0,22498.59,57410.58,0.0,100000.0,1127548.37,WA,10,780253.96,5013.8
29580,4,WA,200,0.416,0.411,H2WA04041,"hastings, doc",I,1649564.36,0.0,1453308.11,0.0,93926.54,290161.58,0.0,0.0,1074469.86,WA,4,570197.44,0.0
29768,9,WA,100,-0.287,-0.165,H6WA09025,"smith, d adam",I,1145880.0,475.0,924160.51,0.0,61236.56,282956.05,0.0,0.0,413579.97,WA,9,725200.0,1935.79
31101,1,WA,100,-0.289,-0.2,H0WA08046,"delbene, suzan k",I,4425725.62,17188.4,4501798.71,0.0,82292.1,6219.01,2551879.32,250000.0,1144058.62,WA,1,418561.74,10035.63
14448,3,WV,100,-0.306,0.45,H6WV04057,"rahall, nick joe ii",I,1359430.49,7936.25,1720828.35,0.0,471078.96,109681.3,0.0,0.0,316525.42,WV,3,1019532.0,5000.0
20146,2,WV,200,0.277,0.129,H0WV02138,"capito, shelley moore ms.",I,2449473.47,0.0,3001166.53,1606251.44,583721.87,32028.81,0.0,0.0,1249765.34,WV,2,1194202.91,100.0
21188,1,WV,200,0.3,0.178,H0WV01072,"mckinley, david b.",I,2136064.83,0.0,1336707.03,0.0,77315.07,876672.87,0.0,0.0,1235479.17,WV,1,896980.82,450.0
14657,5,WI,200,0.638,-0.579,H8WI09050,"sensenbrenner, f james jr",I,554919.59,0.0,626187.32,0.0,353813.34,282545.61,0.0,0.0,272524.68,WI,5,277126.55,5000.0
14675,6,WI,200,0.379,-0.367,H0WI06061,"petri, thomas",I,743699.28,350.0,672364.83,3534.72,848409.67,919744.12,0.0,0.0,209071.32,WI,6,528750.0,0.0
20537,4,WI,100,-0.526,-0.251,H4WI04183,"moore, gwendolynne",I,823446.23,0.0,810326.08,0.0,14991.49,28111.64,0.0,0.0,255400.15,WI,4,558715.94,156.52
21189,7,WI,200,0.511,-0.109,H0WI07051,"duffy, sean",I,2647209.9,14555.34,2601113.23,0.0,58961.41,105183.08,0.0,0.0,1428646.93,WI,7,1178000.96,11378.77
21190,8,WI,200,0.603,-0.333,H0WI08075,"ribble, reid",I,2324473.44,160806.67,2165772.76,3904.41,8053.68,166754.36,0.0,0.0,1049340.8,WI,8,1098737.99,4787.56
21370,2,WI,100,-0.531,-0.552,H2WI02124,"pocan, mark",O,1153296.01,0.0,1100359.91,0.0,0.0,52936.1,5503.07,10000.0,637958.09,WI,2,497098.42,2500.0
29769,3,WI,100,-0.26,-0.08,H6WI03099,"kind, ron",I,1979016.88,0.0,1568648.69,0.0,54349.49,464772.68,0.0,0.0,674894.51,WI,3,1291983.68,94.5
29939,1,WI,200,0.556,-0.25,H8WI01024,"ryan, paul d.",I,4994668.37,158504.57,6651220.68,0.0,3019880.56,1363328.25,0.0,0.0,3528252.77,WI,1,1247900.0,5000.0
20953,0,WY,200,0.691,-0.34,H8WY00148,"lummis, cynthia marie",I,715313.84,0.0,631025.66,40000.0,39593.63,123881.81,0.0,0.0,349167.75,WY,0,358640.0,200.0
